{
  "stage": "3",
  "run_id": "0aea3442e132",
  "evia_cost_45_days": "150 000 ₽",
  "evia_decision": "БЕРЁМ",
  "llm_output": "# Варианты решения для проекта EVIA R&D\n\n## Подход 1: Создание контентной стратегии и запуск рекламных кампаний\n\n### Описание\nРазработка контентной стратегии, включающей создание и распространение материалов (статьи, посты в соцсетях, видео), а также запуск таргетированных рекламных кампаний в социальных сетях и Google Ads.\n\n### Плюсы\n- Увеличение видимости бренда и привлечение целевой аудитории.\n- Возможность тестирования различных форматов контента и рекламных объявлений.\n- Привлечение трафика на сайт и генерация лидов.\n\n### Минусы\n- Требует значительных временных затрат на создание контента.\n- Необходимость постоянного мониторинга и оптимизации рекламных кампаний.\n\n### Риски\n- Низкая конверсия трафика в клиентов.\n- Возможные ошибки в определении целевой аудитории.\n\n### Объём работ\n- Исследование целевой аудитории: 5 дней.\n- Разработка контент-плана: 10 дней.\n- Создание контента (5-7 материалов): 15 дней.\n- Запуск и оптимизация рекламных кампаний: 15 дней.\n\n**Итого:** 45 дней.\n\n---\n\n## Подход 2: Проведение вебинаров и онлайн-мероприятий\n\n### Описание\nОрганизация серии вебинаров и онлайн-мероприятий для привлечения потенциальных клиентов и демонстрации экспертизы компании.\n\n### Плюсы\n- Прямое взаимодействие с аудиторией и возможность ответить на вопросы в реальном времени.\n- Увеличение доверия к бренду через демонстрацию экспертизы.\n- Возможность сбора контактных данных участников для дальнейшей работы.\n\n### Минусы\n- Необходимость подготовки и репетиции мероприятий.\n- Ограниченное количество участников на одном вебинаре.\n\n### Риски\n- Низкая посещаемость мероприятий.\n- Технические проблемы во время трансляции.\n\n### Объём работ\n- Подготовка материалов и сценариев для вебинаров: 10 дней.\n- Настройка платформы и тестирование: 5 дней.\n- Проведение 3-4 вебинаров: 15 дней.\n- Сбор и анализ обратной связи: 5 дней.\n- Подготовка отчетов и дальнейших действий: 10 дней.\n\n**Итого:** 45 дней.\n\n---\n\n## Подход 3: Запуск программы лояльности и реферальной программы\n\n### Описание\nСоздание программы лояльности для существующих клиентов и реферальной программы для привлечения новых клиентов через рекомендации.\n\n### Плюсы\n- Стимулирование существующих клиентов к повторным покупкам.\n- Привлечение новых клиентов через рекомендации, что может снизить CAC.\n\n### Минусы\n- Необходимость разработки и внедрения системы отслеживания рекомендаций.\n- Возможные затраты на вознаграждения для клиентов.\n\n### Риски\n- Низкий интерес со стороны клиентов к программе.\n- Сложности в управлении и отслеживании результатов.\n\n### Объём работ\n- Разработка концепции программы: 10 дней.\n- Создание системы отслеживания и вознаграждений: 15 дней.\n- Запуск программы и маркетинговая поддержка: 10 дней.\n- Анализ результатов и корректировка: 10 дней.\n\n**Итого:** 45 дней.\n\n---\n\nВсе предложенные подходы соответствуют бюджету в 150 000 ₽ и могут быть реализованы в рамках 45 дней."
}