{
  "stage": "3.5",
  "run_id": "0aea3442e132",
  "evia_cost_45_days": "150 000 ₽",
  "evia_decision": "БЕРЁМ",
  "llm_output": "# Архитектурный черновик для проекта EVIA R&D\n\n## 1. Логическая схема компонентов\n\n- **Frontend**:\n  - Веб-интерфейс для пользователей (клиенты, администраторы)\n  - Интерактивные элементы для вебинаров и онлайн-мероприятий\n  - Формы для регистрации на мероприятия и программы лояльности\n\n- **Backend**:\n  - Серверная логика для обработки запросов от фронтенда\n  - База данных для хранения информации о клиентах, мероприятиях и контенте\n  - API для интеграции с рекламными платформами и системами аналитики\n\n- **Data**:\n  - Хранение и обработка данных о пользователях, их активности и предпочтениях\n  - Аналитические инструменты для оценки эффективности маркетинговых кампаний и мероприятий\n\n## 2. Границы ответственности\n\n- **Frontend**:\n  - Отображение контента и взаимодействие с пользователями\n  - Обработка пользовательских действий (регистрация, участие в вебинарах)\n\n- **Backend**:\n  - Логика обработки данных и взаимодействие с базой данных\n  - Управление пользователями и их активностью\n  - Интеграция с внешними сервисами (рекламные платформы, аналитика)\n\n- **Data**:\n  - Сбор, хранение и анализ данных о пользователях и их поведении\n  - Генерация отчетов и аналитики для оценки результатов маркетинговых усилий\n\n## 3. Ключевые интеграционные точки\n\n- Интеграция с платформами для проведения вебинаров (например, Zoom, Webex)\n- Подключение к рекламным системам (Google Ads, социальные сети)\n- API для аналитических инструментов (Google Analytics, Яндекс.Метрика)\n- Системы управления контентом для публикации материалов (CMS)\n\n## 4. Основные технические риски\n\n- **Низкая конверсия трафика в клиентов**: Необходимость в постоянной оптимизации контента и рекламных кампаний.\n- **Технические проблемы во время вебинаров**: Риски, связанные с качеством интернет-соединения и работой платформы.\n- **Ошибки в определении целевой аудитории**: Возможные потери бюджета на неэффективные рекламные кампании.\n- **Сложности в управлении программами лояльности и реферальными программами**: Необходимость в разработке надежной системы отслеживания и анализа результатов.\n\nДанный архитектурный черновик служит основой для дальнейшей разработки и реализации предложенных подходов в рамках проекта EVIA R&D."
}