{
  "stage": "1",
  "run_id": "e816107dff7f",
  "evia_cost_45_days": "150 000 ₽",
  "evia_decision": "БЕРЁМ",
  "llm_output": "# Резюме проекта и бизнес-контекста\nПроект \"EVIA R&D\" инициирован компанией \"EVIA Studio\" с целью привлечения 20 клиентов за 90 дней. Основная проблема заключается в отсутствии системного подхода к маркетингу, что затрудняет достижение поставленных целей.\n\n# Формулировка целевой проблемы и гипотезы ценности\nЦелевая проблема: отсутствие системного маркетинга, что приводит к недостаточному количеству клиентов. \nГипотеза ценности: внедрение структурированного маркетинга позволит привлечь 20 клиентов за указанный срок, что повысит доходность компании.\n\n# Перечень ограничений/допущений\n- Бюджет на проект составляет 150 000 ₽ на 45 дней.\n- Отсутствие внешних данных для анализа и принятия решений.\n- Необходимость в системном подходе к маркетингу.\n\n# Список пробелов данных\n- Нет предоставленных данных, которые могли бы помочь в анализе текущей ситуации и разработке стратегии."
}