{
  "stage": "3",
  "run_id": "e816107dff7f",
  "evia_cost_45_days": "150 000 ₽",
  "evia_decision": "БЕРЁМ",
  "llm_output": "# Варианты решения для проекта EVIA R&D\n\n## Подход 1: Создание контентной стратегии и запуск рекламных кампаний\n\n### Описание\nРазработка контентной стратегии, включающей создание и распространение материалов (статьи, посты в соцсетях, видео), а также запуск таргетированных рекламных кампаний в социальных сетях и Google Ads.\n\n### Плюсы\n- Увеличение видимости бренда и привлечение целевой аудитории.\n- Возможность тестирования различных форматов контента и рекламных объявлений.\n- Привлечение органического трафика через SEO-оптимизацию контента.\n\n### Минусы\n- Требует времени на создание качественного контента.\n- Необходимость постоянного мониторинга и оптимизации рекламных кампаний.\n\n### Риски\n- Неправильный выбор целевой аудитории может привести к низкой конверсии.\n- Высокие затраты на рекламу без гарантии результата.\n\n### Объём работ\n- Исследование целевой аудитории: 5 дней\n- Разработка контентной стратегии: 10 дней\n- Создание контента (5-7 материалов): 15 дней\n- Запуск и оптимизация рекламных кампаний: 15 дней\n\n**Итого: 45 дней**\n\n---\n\n## Подход 2: Проведение вебинаров и онлайн-мероприятий\n\n### Описание\nОрганизация серии вебинаров и онлайн-мероприятий для привлечения потенциальных клиентов и демонстрации экспертизы компании.\n\n### Плюсы\n- Прямое взаимодействие с аудиторией, что способствует повышению доверия.\n- Возможность сбора контактных данных участников для дальнейшей работы с ними.\n\n### Минусы\n- Требует значительных усилий на подготовку и проведение мероприятий.\n- Необходимость в продвижении мероприятий для привлечения участников.\n\n### Риски\n- Низкая посещаемость вебинаров может привести к недостаточной генерации лидов.\n- Технические проблемы во время мероприятий могут негативно сказаться на имидже компании.\n\n### Объём работ\n- Подготовка материалов и программы вебинаров: 10 дней\n- Продвижение мероприятий: 10 дней\n- Проведение вебинаров (3-4 мероприятия): 15 дней\n- Анализ результатов и работа с лидами: 10 дней\n\n**Итого: 45 дней**\n\n---\n\n## Подход 3: Запуск email-маркетинга\n\n### Описание\nСоздание и запуск email-кампаний для информирования существующих и потенциальных клиентов о новых предложениях и акциях.\n\n### Плюсы\n- Низкие затраты на реализацию по сравнению с другими каналами.\n- Возможность персонализации сообщений для повышения конверсии.\n\n### Минусы\n- Необходимость в качественной базе данных для рассылки.\n- Риск попадания писем в спам.\n\n### Риски\n- Низкая открываемость и кликабельность писем.\n- Неправильная сегментация базы может привести к неэффективным рассылкам.\n\n### Объём работ\n- Сбор и сегментация базы данных: 10 дней\n- Разработка контента для email-рассылок: 10 дней\n- Настройка и запуск кампаний: 15 дней\n- Анализ результатов и корректировка стратегии: 10 дней\n\n**Итого: 45 дней**\n\n---\n\n### Общие ограничения\nВсе предложенные подходы укладываются в бюджет 150 000 ₽ и соответствуют целям проекта по привлечению 20 клиентов за 90 дней. Необходимо уточнить у заказчика детали целевой аудитории и существующих материалов для оптимизации предложенных решений."
}