{
  "stage": "3.5",
  "run_id": "e816107dff7f",
  "evia_cost_45_days": "150 000 ₽",
  "evia_decision": "БЕРЁМ",
  "llm_output": "# Архитектурный черновик для проекта EVIA R&D\n\n## 1. Логическая схема компонентов\n\n- **Frontend**:\n  - Веб-интерфейс для пользователей (клиентов)\n  - Панель управления для администраторов\n  - Интеграция с системами аналитики (Google Analytics, Яндекс.Метрика)\n\n- **Backend**:\n  - API для обработки запросов от Frontend\n  - База данных для хранения информации о клиентах, контенте и результатах кампаний\n  - Модуль для управления email-рассылками\n  - Модуль для управления рекламными кампаниями\n\n- **Data**:\n  - Хранилище данных для анализа эффективности маркетинговых стратегий\n  - Инструменты для сбора и обработки данных о пользователях и их взаимодействии с контентом\n\n## 2. Границы ответственности\n\n- **Frontend**:\n  - Отображение контента и интерфейса для пользователей\n  - Взаимодействие с API для получения и отправки данных\n\n- **Backend**:\n  - Обработка бизнес-логики и запросов от Frontend\n  - Управление данными и их хранение\n  - Интеграция с внешними сервисами (рекламные платформы, системы аналитики)\n\n- **Data**:\n  - Сбор, хранение и анализ данных\n  - Генерация отчетов и аналитики для оценки эффективности маркетинговых стратегий\n\n## 3. Ключевые интеграционные точки\n\n- **API интеграция**:\n  - Взаимодействие Frontend с Backend через RESTful API\n  - Интеграция с системами аналитики для отслеживания пользовательского поведения\n\n- **Email-маркетинг**:\n  - Интеграция с платформами для email-рассылок (например, Mailchimp, SendPulse)\n\n- **Рекламные платформы**:\n  - Интеграция с Google Ads и социальными сетями для запуска рекламных кампаний\n\n## 4. Основные технические риски\n\n- **Неправильная сегментация целевой аудитории**:\n  - Может привести к низкой конверсии и неэффективным расходам на рекламу.\n\n- **Технические сбои**:\n  - Возможные проблемы с API или интеграциями могут негативно сказаться на работе системы.\n\n- **Безопасность данных**:\n  - Риск утечки данных клиентов или их несанкционированного доступа.\n\n- **Низкая открываемость email-рассылок**:\n  - Может снизить эффективность маркетинговых усилий и привести к потере потенциальных клиентов.\n\n## Заключение\n\nПредложенная архитектура учитывает все ключевые аспекты проекта EVIA R&D и направлена на достижение поставленных целей по привлечению клиентов. Необходимо продолжить работу над детализацией каждого компонента и проработкой интеграционных точек для минимизации рисков."
}