{
  "stage": "5",
  "run_id": "e816107dff7f",
  "evia_cost_45_days": "150 000 ₽",
  "llm_output": "# БЛОК ФИКСАЦИИ\n\n- **run_id**: e816107dff7f\n- **evia_cost_45_days**: 150 000 ₽\n- **evia_decision**: БЕРЁМ\n- **project_name**: EVIA R&D\n- **company_name**: EVIA Studio\n- **goals**: 20 клиентов за 90 дней\n- **problem_statement**: Нет системного маркетинга",
  "(10) БЛОК ФИКСАЦИИ": {
    "run_id": "e816107dff7f",
    "evia_cost_45_days": "150 000 ₽",
    "evia_decision": "БЕРЁМ",
    "project_name": "EVIA R&D",
    "company_name": "EVIA Studio",
    "goals": "20 клиентов за 90 дней",
    "problem_statement": "Нет системного маркетинга"
  }
}