{
  "stage": "1",
  "run_id": "109ef7bab850",
  "evia_cost_45_days": "150 000 ₽",
  "evia_decision": "БЕРЁМ",
  "llm_output": "# Резюме проекта и бизнес-контекста\nПроект \"EVIA R&D\" инициирован компанией \"EVIA Studio\" с целью привлечения 20 клиентов за 90 дней. Основная проблема заключается в отсутствии системного подхода к маркетингу, что затрудняет эффективное привлечение клиентов.\n\n# Формулировка целевой проблемы и гипотезы ценности\nЦелевая проблема: отсутствие системного маркетинга, что приводит к недостаточному количеству клиентов. \nГипотеза ценности: внедрение структурированного маркетинга позволит привлечь 20 клиентов за указанный срок, что повысит доходность компании.\n\n# Перечень ограничений/допущений\n1. Бюджет на проект составляет 150 000 ₽ на 45 дней.\n2. Нет внешних данных для анализа и принятия решений.\n3. Отсутствие системного маркетинга является единственной определяющей проблемой.\n\n# Список пробелов данных\nНет данных, которые могли бы дополнить анализ или подтвердить гипотезы. Все необходимые данные отсутствуют или не предоставлены."
}