{
  "stage": "3",
  "run_id": "109ef7bab850",
  "evia_cost_45_days": "150 000 ₽",
  "evia_decision": "БЕРЁМ",
  "llm_output": "# Варианты решения для проекта EVIA R&D\n\n## Подход 1: Создание контентной стратегии и запуск рекламных кампаний\n\n### Описание\nРазработка контентной стратегии, включающей создание и распространение качественного контента (статьи, видео, посты в соцсетях) с последующим запуском таргетированных рекламных кампаний для привлечения целевой аудитории.\n\n### Плюсы\n- Увеличение видимости бренда и привлечение новых клиентов через качественный контент.\n- Возможность тестирования различных форматов контента и рекламных объявлений.\n- Долгосрочный эффект от созданного контента.\n\n### Минусы\n- Требует времени на создание контента и его распространение.\n- Необходимость в постоянном мониторинге и корректировке рекламных кампаний.\n\n### Риски\n- Неправильный выбор целевой аудитории может привести к низкой конверсии.\n- Высокие затраты на рекламу без гарантии результата.\n\n### Объём работ\n- Исследование целевой аудитории: 5 дней\n- Разработка контентной стратегии: 10 дней\n- Создание контента (5 статей, 5 видео): 15 дней\n- Запуск и оптимизация рекламных кампаний: 15 дней\n\n**Итого: 45 дней**\n\n---\n\n## Подход 2: Проведение вебинаров и онлайн-мероприятий\n\n### Описание\nОрганизация серии вебинаров и онлайн-мероприятий для привлечения потенциальных клиентов и демонстрации экспертизы компании.\n\n### Плюсы\n- Прямое взаимодействие с аудиторией, что способствует повышению доверия.\n- Возможность сбора контактных данных участников для дальнейшей работы с ними.\n\n### Минусы\n- Требует значительных усилий на организацию и продвижение мероприятий.\n- Необходимость в подготовке качественного контента для вебинаров.\n\n### Риски\n- Низкая посещаемость мероприятий может привести к недостаточной эффективности.\n- Технические проблемы во время вебинаров могут негативно сказаться на имидже компании.\n\n### Объём работ\n- Подготовка и планирование вебинаров: 10 дней\n- Создание контента для вебинаров: 10 дней\n- Продвижение мероприятий: 10 дней\n- Проведение вебинаров (3 мероприятия): 15 дней\n\n**Итого: 45 дней**\n\n---\n\n## Подход 3: Запуск программы лояльности и реферального маркетинга\n\n### Описание\nСоздание программы лояльности для существующих клиентов и внедрение реферального маркетинга для привлечения новых клиентов через рекомендации.\n\n### Плюсы\n- Увеличение удержания клиентов и привлечение новых через рекомендации.\n- Низкие затраты на привлечение клиентов по сравнению с традиционными методами.\n\n### Минусы\n- Необходимость в разработке и внедрении системы отслеживания рефералов.\n- Может потребоваться время для создания привлекательных условий программы.\n\n### Риски\n- Низкий интерес со стороны клиентов к программе лояльности.\n- Сложности в управлении и мониторинге программы.\n\n### Объём работ\n- Исследование и разработка программы лояльности: 10 дней\n- Создание системы отслеживания рефералов: 15 дней\n- Продвижение программы: 10 дней\n- Запуск и мониторинг программы: 10 дней\n\n**Итого: 45 дней**\n\n---\n\nВсе предложенные подходы соответствуют бюджету в 150 000 ₽ и могут быть реализованы в течение 45 дней. Рекомендуется уточнить у заказчика детали целевой аудитории и предыдущих маркетинговых усилий для более точной настройки стратегий."
}