{
  "stage": "3.5",
  "run_id": "109ef7bab850",
  "evia_cost_45_days": "150 000 ₽",
  "evia_decision": "БЕРЁМ",
  "llm_output": "# Архитектурный черновик для проекта EVIA R&D\n\n## 1. Логическая схема компонентов\n\n- **Frontend**:\n  - Веб-интерфейс для пользователей (клиентов и администраторов)\n  - Интерактивные элементы для участия в вебинарах и онлайн-мероприятиях\n  - Система регистрации и входа пользователей\n\n- **Backend**:\n  - API для обработки запросов от фронтенда\n  - База данных для хранения информации о клиентах, контенте, вебинарах и программе лояльности\n  - Модуль аналитики для отслеживания эффективности маркетинговых кампаний\n\n- **Data**:\n  - Хранение данных о пользователях, их активности и предпочтениях\n  - Системы для анализа данных и генерации отчетов\n\n## 2. Границы ответственности\n\n- **Frontend**:\n  - Отображение контента и взаимодействие с пользователями\n  - Обработка пользовательских действий (регистрация, участие в вебинарах)\n\n- **Backend**:\n  - Логика обработки данных и бизнес-правила\n  - Взаимодействие с базой данных и внешними сервисами\n\n- **Data**:\n  - Сбор, хранение и анализ данных\n  - Обеспечение безопасности и конфиденциальности данных пользователей\n\n## 3. Ключевые интеграционные точки\n\n- **API интеграция**:\n  - Взаимодействие фронтенда с бэкендом через RESTful API\n  - Интеграция с внешними сервисами для рассылки уведомлений и сбора аналитики\n\n- **База данных**:\n  - Хранение информации о клиентах, контенте и результатах маркетинговых кампаний\n  - Обмен данными между модулями (например, между системой вебинаров и программой лояльности)\n\n## 4. Основные технические риски\n\n- **Неправильная реализация API**:\n  - Возможные проблемы с производительностью и безопасностью при неправильной настройке\n\n- **Проблемы с интеграцией**:\n  - Сложности при взаимодействии с внешними сервисами могут привести к сбоям в работе системы\n\n- **Безопасность данных**:\n  - Риски утечки данных пользователей, что может негативно сказаться на репутации компании\n\n- **Низкая посещаемость вебинаров**:\n  - Технические проблемы или недостаточная подготовка могут привести к низкому интересу со стороны целевой аудитории\n\nДанный архитектурный черновик служит основой для дальнейшей разработки и реализации предложенных подходов в рамках проекта EVIA R&D."
}