{
  "stage": "3",
  "run_id": "0b20c9d320ff",
  "evia_cost_45_days": "150 000 ₽",
  "evia_decision": "БЕРЁМ",
  "llm_output": "# Варианты решения для EVIA Studio\n\n## Подход 1: Запуск системного маркетинга через контент-маркетинг и SEO\n\n### Описание\nСоздание и продвижение контента, который будет привлекать целевую аудиторию через поисковые системы и социальные сети. Включает в себя написание статей, создание видео и вебинаров.\n\n### Плюсы\n- Долгосрочный эффект: контент будет работать на привлечение клиентов даже после завершения кампании.\n- Увеличение видимости бренда и доверия к компании.\n- Низкие затраты на привлечение клиентов в долгосрочной перспективе.\n\n### Минусы\n- Требует времени для достижения результатов (может занять несколько месяцев).\n- Необходимость в постоянном создании качественного контента.\n- Риск низкой конверсии на начальных этапах.\n\n### Риски\n- Низкая эффективность контента, если он не соответствует интересам целевой аудитории.\n- Конкуренция с другими компаниями за внимание в интернете.\n\n### Объём работ на 45 дней\n- Исследование целевой аудитории и создание контент-плана (10 дней).\n- Написание и публикация первых 5 статей и 2 видео (20 дней).\n- Настройка SEO и продвижение контента (15 дней).\n\n---\n\n## Подход 2: Запуск рекламной кампании в Telegram и других социальных сетях\n\n### Описание\nСоздание и запуск рекламных кампаний в Telegram и других социальных сетях для привлечения лидов.\n\n### Плюсы\n- Быстрый запуск и возможность немедленного получения лидов.\n- Возможность точного таргетинга на целевую аудиторию.\n- Высокая скорость получения обратной связи и данных о конверсии.\n\n### Минусы\n- Высокая стоимость за привлечение клиента в краткосрочной перспективе.\n- Зависимость от качества рекламных креативов и их актуальности.\n- Необходимость постоянного мониторинга и оптимизации кампаний.\n\n### Риски\n- Низкая конверсия из-за неэффективных рекламных материалов.\n- Возможные изменения в алгоритмах социальных сетей, которые могут повлиять на охват.\n\n### Объём работ на 45 дней\n- Разработка рекламных креативов и настройка кампаний (15 дней).\n- Запуск и мониторинг рекламных кампаний (30 дней).\n\n---\n\n## Подход 3: Создание системы продаж с использованием CRM\n\n### Описание\nВнедрение CRM-системы для автоматизации процессов продаж и управления взаимодействием с клиентами.\n\n### Плюсы\n- Упрощение управления воронкой продаж и отслеживание взаимодействия с клиентами.\n- Повышение эффективности работы команды продаж.\n- Возможность анализа данных и оптимизации процессов.\n\n### Минусы\n- Необходимость обучения команды работе с новой системой.\n- Временные затраты на настройку и интеграцию CRM.\n- Возможные дополнительные затраты на лицензии и поддержку.\n\n### Риски\n- Сопротивление команды к изменениям и новым инструментам.\n- Неполное использование возможностей CRM, что может снизить эффективность.\n\n### Объём работ на 45 дней\n- Выбор и настройка CRM-системы (15 дней).\n- Обучение команды и внедрение системы (30 дней).\n\n---\n\n## Заключение\nКаждый из предложенных подходов имеет свои плюсы и минусы, а также риски, которые необходимо учитывать. Рекомендуется комбинировать элементы из разных подходов для достижения наилучших результатов в рамках ограничений проекта."
}