{
  "stage": "3.5",
  "run_id": "0b20c9d320ff",
  "evia_cost_45_days": "150 000 ₽",
  "evia_decision": "БЕРЁМ",
  "llm_output": "# Архитектурный черновик для EVIA Studio\n\n## 1. Логическая схема компонентов\n\n```\n+-------------------+       +-------------------+       +-------------------+\n|                   |       |                   |       |                   |\n|   Frontend        | <---- |   Backend         | <---- |   Database        |\n|                   |       |                   |       |                   |\n+-------------------+       +-------------------+       +-------------------+\n        |                           |                           |\n        |                           |                           |\n        |                           |                           |\n+-------------------+       +-------------------+       +-------------------+\n|                   |       |                   |       |                   |\n|   Marketing       |       |   CRM System      |       |   Analytics       |\n|   Tools           |       |                   |       |                   |\n|                   |       |                   |       |                   |\n+-------------------+       +-------------------+       +-------------------+\n```\n\n## 2. Границы ответственности\n\n- **Frontend**:\n  - Пользовательский интерфейс для взаимодействия с клиентами.\n  - Интеграция с маркетинговыми инструментами и CRM.\n  \n- **Backend**:\n  - Обработка запросов от Frontend.\n  - Логика бизнес-процессов, включая управление воронкой продаж.\n  - Интеграция с базой данных и CRM-системой.\n\n- **Data**:\n  - Хранение данных о клиентах, сделках и взаимодействиях.\n  - Аналитика и отчетность по эффективности маркетинга и продаж.\n\n## 3. Ключевые интеграционные точки\n\n- **Frontend ↔ Backend**: API для передачи данных о пользователях, лидах и сделках.\n- **Backend ↔ Database**: Запросы на чтение и запись данных о клиентах и сделках.\n- **Backend ↔ CRM System**: Интеграция для автоматизации процессов продаж и управления взаимодействием с клиентами.\n- **Marketing Tools ↔ Backend**: Интеграция для сбора данных о лидах и эффективности рекламных кампаний.\n\n## 4. Основные технические риски\n\n- **Зависимость от Telegram**: Ограничения и изменения в API могут повлиять на работу маркетинговых инструментов.\n- **Качество ICP**: Неправильное определение идеального клиента может привести к неэффективным кампаниям.\n- **Высокая нагрузка при масштабировании**: Необходимость оптимизации архитектуры для обработки увеличенного объема данных и запросов.\n- **Сопротивление команды к изменениям**: Внедрение новых инструментов может вызвать трудности в адаптации сотрудников.\n\n## Заключение\n\nПредложенная архитектура учитывает ключевые аспекты проекта EVIA Studio, включая интеграцию с CRM и маркетинговыми инструментами, а также риски, связанные с зависимостями и масштабированием. Рекомендуется дальнейшее уточнение требований и тестирование архитектуры на предмет ее устойчивости к нагрузкам."
}