{
  "stage": "6",
  "run_id": "0b20c9d320ff",
  "status": "OK",
  "copied_from_fixation": {
    "run_id": "0b20c9d320ff",
    "evia_cost_45_days": "150 000 ₽",
    "evia_decision": "БЕРЁМ",
    "project_name": "EVIA Studio",
    "company_name": "EVIA Studio",
    "goals": "20 клиентов за 90 дней",
    "problem_statement": "Отсутствие системного маркетинга и структурированного отдела продаж"
  },
  "evia_cost_45_days": "150 000 ₽",
  "evia_decision": "БЕРЁМ",
  "llm_output": "Финальный результат EVIA R&D\n\nstatus: OK\nrun_id: 0b20c9d320ff\nproject_name: EVIA Studio\ncompany_name: EVIA Studio\ngoals: 20 клиентов за 90 дней\nproblem_statement: Отсутствие системного маркетинга и структурированного отдела продаж\nevia_decision: БЕРЁМ\nevia_cost_45_days: 150 000 ₽"
}