{
  "stage": "1",
  "run_id": "bd9bc94f152b",
  "evia_cost_45_days": "150 000 ₽",
  "evia_decision": "БЕРЁМ",
  "llm_output": "# Резюме проекта и бизнес-контекста\nПроект \"Alpha AI\" разрабатывается компанией \"Tech Growth\" с целью привлечения 100 клиентов за 60 дней. Основная проблема заключается в отсутствии идеального клиента (ICP) и функционирующего отдела продаж, что затрудняет достижение поставленных целей.\n\n# Формулировка целевой проблемы и гипотезы ценности\nЦелевая проблема: отсутствие четкого определения идеального клиента и эффективной структуры отдела продаж, что мешает росту клиентской базы. \nГипотеза ценности: создание и внедрение ICP, а также формирование отдела продаж позволит значительно увеличить количество клиентов и ускорить процесс продаж.\n\n# Перечень ограничений/допущений\n- Бюджет на проект составляет 150 000 ₽ на 45 дней.\n- Отсутствие внешних данных для анализа и принятия решений.\n- Необходимость в быстром решении проблемы для достижения целей в установленные сроки.\n\n# Список пробелов данных\n- Нет данных о текущем состоянии отдела продаж и его эффективности.\n- Отсутствуют данные о целевой аудитории и предпочтениях потенциальных клиентов."
}