{
  "stage": "3.5",
  "run_id": "bd9bc94f152b",
  "evia_cost_45_days": "150 000 ₽",
  "evia_decision": "БЕРЁМ",
  "llm_output": "# Архитектурный черновик для проекта Alpha AI\n\n## 1. Логическая схема компонентов\n\n- **Frontend**:\n  - Пользовательский интерфейс (UI) для взаимодействия с клиентами.\n  - Формы для сбора данных о целевой аудитории.\n  - Панель управления для отдела продаж.\n\n- **Backend**:\n  - API для обработки запросов от фронтенда.\n  - База данных для хранения информации о клиентах и результатах продаж.\n  - Модуль аналитики для обработки данных и формирования ICP.\n\n- **Интеграционные компоненты**:\n  - Система аутсорсинга для передачи функций отдела продаж.\n  - Внешние API для получения данных о рынке и клиентах.\n\n## 2. Границы ответственности\n\n- **Frontend**:\n  - Ответственность за пользовательский интерфейс и взаимодействие с клиентами.\n  - Сбор и отправка данных о целевой аудитории на сервер.\n\n- **Backend**:\n  - Обработка запросов от фронтенда и управление данными.\n  - Формирование и хранение ICP, а также управление процессами отдела продаж.\n\n- **Data**:\n  - Хранение и анализ данных о клиентах.\n  - Поддержка интеграции с внешними источниками данных.\n\n## 3. Ключевые интеграционные точки\n\n- Интеграция с аутсорсинговой компанией для передачи функций отдела продаж.\n- API для получения данных о целевой аудитории и рыночных трендах.\n- Система отчетности для анализа эффективности продаж и корректировки ICP.\n\n## 4. Основные технические риски\n\n- Неправильное определение ICP, что может привести к неэффективным продажам.\n- Проблемы с интеграцией между внутренними и внешними системами.\n- Низкая эффективность аутсорсинга, если выбранная компания не соответствует ожиданиям.\n- Возможные задержки в разработке из-за сложности координации между внутренней командой и аутсорсером.\n\n---\n\nДанный архитектурный черновик учитывает все ключевые аспекты проекта Alpha AI и направлен на достижение поставленных целей в рамках бюджета и сроков."
}